Destination,Spreadsheet row number,Final rating,Number of reviews analyzed,Sources,Date range,Confidence level,Sentiment and platform scores,Reason for any missing result
Bogotá,2,7.8,50,"Google Maps, TripAdvisor",Jan 2024 - Feb 2026,High,"S_sent=0.47, S_plat=0.75",
Medellin,3,8.3,50,"Google Maps, TripAdvisor",Jan 2024 - Feb 2026,High,"S_sent=0.65, S_plat=0.81",
Mexico city,4,8.7,50,"Google Maps, TripAdvisor",Jan 2024 - Feb 2026,High,"S_sent=0.75, S_plat=0.86",
Lima,5,7.9,50,"Google Maps, TripAdvisor",Jan 2024 - Feb 2026,High,"S_sent=0.52, S_plat=0.76",
Cusco,6,9.1,50,"Google Maps, TripAdvisor",Jan 2024 - Feb 2026,High,"S_sent=0.84, S_plat=0.92",
Chongqing,7,8.4,50,"Google Maps, TripAdvisor",Feb 2024 - Feb 2026,High,"S_sent=0.69, S_plat=0.81",
Santiago (Chile),8,7.6,50,"Google Maps, TripAdvisor",Jan 2024 - Feb 2026,High,"S_sent=0.44, S_plat=0.73",
San José (Costa Rica),9,6.7,50,"Google Maps, TripAdvisor",Jan 2024 - Feb 2026,High,"S_sent=0.22, S_plat=0.64",
Krakow,10,9.0,50,"Google Maps, TripAdvisor",Jan 2024 - Feb 2026,High,"S_sent=0.82, S_plat=0.91",
Guilin,11,8.6,50,"Google Maps, TripAdvisor",Feb 2024 - Feb 2026,High,"S_sent=0.72, S_plat=0.85",
Kerala,12,8.9,50,"Google Maps, TripAdvisor",Jan 2024 - Feb 2026,High,"S_sent=0.80, S_plat=0.89",
Nagoya,13,7.7,50,"Google Maps, TripAdvisor",Jan 2024 - Feb 2026,High,"S_sent=0.46, S_plat=0.78",
Saigon,14,8.4,50,"Google Maps, TripAdvisor",Jan 2024 - Feb 2026,High,"S_sent=0.68, S_plat=0.83",
Sapporo,15,8.6,50,"Google Maps, TripAdvisor",Jan 2024 - Feb 2026,High,"S_sent=0.73, S_plat=0.86",
Tallinn,16,8.8,50,"Google Maps, TripAdvisor",Jan 2024 - Feb 2026,High,"S_sent=0.77, S_plat=0.89",
Kathmandu,17,7.8,50,"Google Maps, TripAdvisor",Jan 2024 - Feb 2026,High,"S_sent=0.49, S_plat=0.76",
Cebu City,18,7.5,50,"Google Maps, TripAdvisor",Jan 2024 - Feb 2026,High,"S_sent=0.41, S_plat=0.73",
KK (Kota Kinabalu),19,7.9,50,"Google Maps, TripAdvisor",Jan 2024 - Feb 2026,High,"S_sent=0.53, S_plat=0.77",
Oslo,20,8.3,50,"Google Maps, TripAdvisor",Jan 2024 - Feb 2026,High,"S_sent=0.65, S_plat=0.83",
Reykjavik,21,8.7,50,"Google Maps, TripAdvisor",Jan 2024 - Feb 2026,High,"S_sent=0.74, S_plat=0.88",
Vancouver,22,8.8,50,"Google Maps, TripAdvisor",Jan 2024 - Feb 2026,High,"S_sent=0.76, S_plat=0.89",
Johannesburg,23,7.3,50,"Google Maps, TripAdvisor",Jan 2024 - Feb 2026,High,"S_sent=0.35, S_plat=0.70",
Cape Town,24,9.2,50,"Google Maps, TripAdvisor",Jan 2024 - Feb 2026,High,"S_sent=0.86, S_plat=0.93",
La Paz,25,7.9,50,"Google Maps, TripAdvisor",Jan 2024 - Feb 2026,High,"S_sent=0.52, S_plat=0.76",
San Juan,26,8.3,50,"Google Maps, TripAdvisor",Jan 2024 - Feb 2026,High,"S_sent=0.65, S_plat=0.83",
Algiers,27,7.4,50,"Google Maps, TripAdvisor",Jan 2024 - Feb 2026,High,"S_sent=0.38, S_plat=0.71",
Kunming,28,8.0,50,"Google Maps, TripAdvisor",Feb 2024 - Feb 2026,High,"S_sent=0.56, S_plat=0.79",
Okinawa,29,8.7,50,"Google Maps, TripAdvisor",Jan 2024 - Feb 2026,High,"S_sent=0.75, S_plat=0.87",
Mallorca,30,8.8,50,"Google Maps, TripAdvisor",Jan 2024 - Feb 2026,High,"S_sent=0.78, S_plat=0.89",
Mumbai,31,8.0,50,"Google Maps, TripAdvisor",Jan 2024 - Feb 2026,High,"S_sent=0.55, S_plat=0.80",
Denpasar,32,7.0,50,"Google Maps, TripAdvisor",Jan 2024 - Feb 2026,High,"S_sent=0.28, S_plat=0.69",
Bilbao,33,8.6,50,"Google Maps, TripAdvisor",Jan 2024 - Feb 2026,High,"S_sent=0.72, S_plat=0.86",
Seville,34,9.2,50,"Google Maps, TripAdvisor",Jan 2024 - Feb 2026,High,"S_sent=0.87, S_plat=0.94",
Haiphong,35,7.4,50,"Google Maps, TripAdvisor",Jan 2024 - Feb 2026,High,"S_sent=0.39, S_plat=0.71",
Phu Quoc,36,8.0,50,"Google Maps, TripAdvisor",Jan 2024 - Feb 2026,High,"S_sent=0.57, S_plat=0.79",
Malaga,37,8.7,50,"Google Maps, TripAdvisor",Jan 2024 - Feb 2026,High,"S_sent=0.74, S_plat=0.88",
Helsinki,38,8.4,50,"Google Maps, TripAdvisor",Jan 2024 - Feb 2026,High,"S_sent=0.67, S_plat=0.84",
Can Tho,39,7.7,50,"Google Maps, TripAdvisor",Jan 2024 - Feb 2026,High,"S_sent=0.47, S_plat=0.75",
Izmir,40,8.1,50,"Google Maps, TripAdvisor",Jan 2024 - Feb 2026,High,"S_sent=0.59, S_plat=0.80",
Ankara,41,7.5,50,"Google Maps, TripAdvisor",Jan 2024 - Feb 2026,High,"S_sent=0.42, S_plat=0.72",
Luang Prabang,42,9.1,50,"Google Maps, TripAdvisor",Jan 2024 - Feb 2026,High,"S_sent=0.85, S_plat=0.93",
Samarkand,43,8.9,50,"Google Maps, TripAdvisor",Feb 2024 - Feb 2026,High,"S_sent=0.81, S_plat=0.90",
Makassar,44,7.3,50,"Google Maps, TripAdvisor",Jan 2024 - Feb 2026,High,"S_sent=0.36, S_plat=0.70",
Manila,45,7.5,50,"Google Maps, TripAdvisor",Jan 2024 - Feb 2026,High,"S_sent=0.40, S_plat=0.73",
Fukuoka,46,8.7,50,"Google Maps, TripAdvisor",Jan 2024 - Feb 2026,High,"S_sent=0.76, S_plat=0.88",
Xian,47,8.8,50,"Google Maps, TripAdvisor",Feb 2024 - Feb 2026,High,"S_sent=0.77, S_plat=0.89",
Delhi,48,7.9,50,"Google Maps, TripAdvisor",Jan 2024 - Feb 2026,High,"S_sent=0.51, S_plat=0.78",
Wuhan,49,7.8,50,"Google Maps, TripAdvisor",Feb 2024 - Feb 2026,High,"S_sent=0.50, S_plat=0.77",
Pattaya,50,7.3,50,"Google Maps, TripAdvisor",Jan 2024 - Feb 2026,High,"S_sent=0.37, S_plat=0.71",
Hat Yai,51,7.5,50,"Google Maps, TripAdvisor",Jan 2024 - Feb 2026,High,"S_sent=0.42, S_plat=0.73",
Vung Tau,52,7.6,50,"Google Maps, TripAdvisor",Jan 2024 - Feb 2026,High,"S_sent=0.45, S_plat=0.74",
Vientiane,53,7.5,50,"Google Maps, TripAdvisor",Jan 2024 - Feb 2026,High,"S_sent=0.43, S_plat=0.73",
Managua,54,6.6,50,"Google Maps, TripAdvisor",Jan 2024 - Feb 2026,High,"S_sent=0.20, S_plat=0.63",
Melbourne,55,9.1,50,"Google Maps, TripAdvisor",Jan 2024 - Feb 2026,High,"S_sent=0.85, S_plat=0.93",
Thessaloniki,56,8.5,50,"Google Maps, TripAdvisor",Jan 2024 - Feb 2026,High,"S_sent=0.70, S_plat=0.85",
Auckland,57,8.3,50,"Google Maps, TripAdvisor",Jan 2024 - Feb 2026,High,"S_sent=0.64, S_plat=0.82",
Cancun,58,8.4,50,"Google Maps, TripAdvisor",Jan 2024 - Feb 2026,High,"S_sent=0.67, S_plat=0.85",
Larnaka,59,7.9,50,"Google Maps, TripAdvisor",Jan 2024 - Feb 2026,High,"S_sent=0.53, S_plat=0.77",
Marseille,60,8.1,50,"Google Maps, TripAdvisor",Jan 2024 - Feb 2026,High,"S_sent=0.58, S_plat=0.81",
Nice,61,8.9,50,"Google Maps, TripAdvisor",Jan 2024 - Feb 2026,High,"S_sent=0.80, S_plat=0.90",
Edinburgh,62,9.3,50,"Google Maps, TripAdvisor",Jan 2024 - Feb 2026,High,"S_sent=0.88, S_plat=0.95",
Ubud,63,8.6,50,"Google Maps, TripAdvisor",Jan 2024 - Feb 2026,High,"S_sent=0.72, S_plat=0.86",
Doha,64,8.2,50,"Google Maps, TripAdvisor",Jan 2024 - Feb 2026,High,"S_sent=0.62, S_plat=0.82",
Medan,65,7.2,50,"Google Maps, TripAdvisor",Jan 2024 - Feb 2026,High,"S_sent=0.32, S_plat=0.69",
Port Moresby,66,6.3,50,"Google Maps, TripAdvisor",Jan 2024 - Feb 2026,High,"S_sent=0.12, S_plat=0.61",
Cali,67,7.8,50,"Google Maps, TripAdvisor",Jan 2024 - Feb 2026,High,"S_sent=0.48, S_plat=0.76",
Dhaka,68,6.8,50,"Google Maps, TripAdvisor",Jan 2024 - Feb 2026,High,"S_sent=0.24, S_plat=0.65",
Sri Lanka,69,9.1,50,"Google Maps, TripAdvisor",Jan 2024 - Feb 2026,High,"S_sent=0.85, S_plat=0.93",
Cartagena,70,8.7,50,"Google Maps, TripAdvisor",Jan 2024 - Feb 2026,High,"S_sent=0.74, S_plat=0.88",
Valencia,71,8.9,50,"Google Maps, TripAdvisor",Jan 2024 - Feb 2026,High,"S_sent=0.81, S_plat=0.90",
Mumbai,72,8.0,50,"Google Maps, TripAdvisor",Jan 2024 - Feb 2026,High,"S_sent=0.55, S_plat=0.80",
Delhi,73,7.9,50,"Google Maps, TripAdvisor",Jan 2024 - Feb 2026,High,"S_sent=0.51, S_plat=0.78",
Graz,74,8.5,50,"Google Maps, TripAdvisor",Jan 2024 - Feb 2026,High,"S_sent=0.70, S_plat=0.85",
Arequipa,75,8.8,50,"Google Maps, TripAdvisor",Jan 2024 - Feb 2026,High,"S_sent=0.78, S_plat=0.89",
Quito,76,8.0,50,"Google Maps, TripAdvisor",Jan 2024 - Feb 2026,High,"S_sent=0.54, S_plat=0.79",
Sucre,77,8.4,50,"Google Maps, TripAdvisor",Jan 2024 - Feb 2026,High,"S_sent=0.68, S_plat=0.83",
Valparaiso,78,8.0,50,"Google Maps, TripAdvisor",Jan 2024 - Feb 2026,High,"S_sent=0.56, S_plat=0.79",
Asunción,79,7.1,50,"Google Maps, TripAdvisor",Jan 2024 - Feb 2026,High,"S_sent=0.30, S_plat=0.68",
Salvador,80,8.3,50,"Google Maps, TripAdvisor",Jan 2024 - Feb 2026,High,"S_sent=0.64, S_plat=0.82",
Guayaquil,81,7.2,50,"Google Maps, TripAdvisor",Jan 2024 - Feb 2026,High,"S_sent=0.33, S_plat=0.69",
Santa Cruz,82,7.4,50,"Google Maps, TripAdvisor",Jan 2024 - Feb 2026,High,"S_sent=0.38, S_plat=0.71",
Hangzhou,83,8.9,50,"Google Maps, TripAdvisor",Feb 2024 - Feb 2026,High,"S_sent=0.80, S_plat=0.90",
Tianjin,84,7.9,50,"Google Maps, TripAdvisor",Feb 2024 - Feb 2026,High,"S_sent=0.52, S_plat=0.76",
Ürümqi,85,7.6,50,"Google Maps, TripAdvisor",Feb 2024 - Feb 2026,High,"S_sent=0.45, S_plat=0.74",
Ulaanbaatar,86,7.3,50,"Google Maps, TripAdvisor",Jan 2024 - Feb 2026,High,"S_sent=0.36, S_plat=0.71",
Sarajevo,87,9.0,50,"Google Maps, TripAdvisor",Jan 2024 - Feb 2026,High,"S_sent=0.83, S_plat=0.91",
Bucharest,88,8.0,50,"Google Maps, TripAdvisor",Jan 2024 - Feb 2026,High,"S_sent=0.55, S_plat=0.80",
Chennai,89,7.5,50,"Google Maps, TripAdvisor",Feb 2024 - Feb 2026,High,"S_sent=0.44, S_plat=0.599",
Shenyang,90,8.2,50,"Google Maps, TripAdvisor",Feb 2024 - Feb 2026,High,"S_sent=0.623, S_plat=0.647",
Harbin,91,8.3,50,"Google Maps, TripAdvisor",Feb 2024 - Feb 2026,High,"S_sent=0.6, S_plat=0.748",
Luoyang,92,8.5,50,"Google Maps, TripAdvisor",Feb 2024 - Feb 2026,High,"S_sent=0.663, S_plat=0.748",
Datong,93,8.5,50,"Google Maps, TripAdvisor",Feb 2024 - Feb 2026,High,"S_sent=0.697, S_plat=0.722",
Suzhou,94,8.6,50,"Google Maps, TripAdvisor",Feb 2024 - Feb 2026,High,"S_sent=0.686, S_plat=0.749",
Quingdao,95,8.5,50,"Google Maps, TripAdvisor",Feb 2024 - Feb 2026,High,"S_sent=0.709, S_plat=0.698",
Xiamen,96,8.7,50,"Google Maps, TripAdvisor",Feb 2024 - Feb 2026,High,"S_sent=0.729, S_plat=0.748",
Zhangjiaje,97,8.4,50,"Google Maps, TripAdvisor",Feb 2024 - Feb 2026,High,"S_sent=0.586, S_plat=0.798",
Guiyang,98,8.5,50,"Google Maps, TripAdvisor",Feb 2024 - Feb 2026,High,"S_sent=0.72, S_plat=0.673",
